problem,n,capacity,known_optimum,runs,success_rate,best_profit,mean_profit,worst_profit,mean_ga_nfc,mean_ga_ms,dp_profit,dp_nfc,dp_ms
hard30u300.kp,30,5027,10281,30,1.0000,10281,10281.000,10281,1334,4.490,10281,150840,0.696
hard40s1.kp,40,994,1788,30,0.1667,1788,1784.667,1784,10019,16.543,1788,39800,0.244
hard40u100.kp,40,1986,6773,30,1.0000,6773,6773.000,6773,1083,2.544,6773,79480,0.264
hard40w150.kp,40,2823,3580,30,0.9333,3580,3579.267,3569,2418,4.785,3580,112960,0.335
hard50u200.kp,50,4716,15126,30,1.0000,15126,15126.000,15126,2920,7.519,15126,235850,0.693
p01.kp,10,165,309,30,1.0000,309,309.000,309,256,0.137,309,1660,0.029
p02.kp,5,26,51,30,1.0000,51,51.000,51,118,0.063,51,135,0.016
p03.kp,6,190,150,30,1.0000,150,150.000,150,127,0.059,150,1146,0.010
p04.kp,7,50,107,30,1.0000,107,107.000,107,118,0.051,107,357,0.005
p05.kp,8,104,900,30,0.6667,900,899.000,888,886,0.694,900,840,0.021
p06.kp,7,170,1735,30,1.0000,1735,1735.000,1735,118,0.075,1735,1197,0.012
p07.kp,15,750,1458,30,0.6667,1458,1456.433,1451,2393,1.831,1458,11265,0.201
p08.kp,24,6404180,13549094,30,0.7333,13549094,13540670.967,13505878,3998,4.125,13549094,153700344,378.381
