problem,run_number,seed,final_profit,known_optimum,success,nfc,milliseconds
hard30u300.kp,1,20260927,10281,10281,true,1430,9.084
hard30u300.kp,2,20270103,10281,10281,true,1192,3.385
hard30u300.kp,3,20279279,10281,10281,true,1668,9.789
hard30u300.kp,4,20288455,10281,10281,true,1192,7.290
hard30u300.kp,5,20297631,10281,10281,true,478,1.843
hard30u300.kp,6,20306807,10281,10281,true,954,5.431
hard30u300.kp,7,20315983,10281,10281,true,1430,4.590
hard30u300.kp,8,20325159,10281,10281,true,1192,2.951
hard30u300.kp,9,20334335,10281,10281,true,1192,5.064
hard30u300.kp,10,20343511,10281,10281,true,1192,3.803
hard30u300.kp,11,20352687,10281,10281,true,1192,6.820
hard30u300.kp,12,20361863,10281,10281,true,1668,5.293
hard30u300.kp,13,20371039,10281,10281,true,716,2.563
hard30u300.kp,14,20380215,10281,10281,true,2382,11.848
hard30u300.kp,15,20389391,10281,10281,true,954,3.036
hard30u300.kp,16,20398567,10281,10281,true,1906,6.842
hard30u300.kp,17,20407743,10281,10281,true,1430,3.142
hard30u300.kp,18,20416919,10281,10281,true,1668,2.688
hard30u300.kp,19,20426095,10281,10281,true,2144,5.132
hard30u300.kp,20,20435271,10281,10281,true,954,1.528
hard30u300.kp,21,20444447,10281,10281,true,954,1.464
hard30u300.kp,22,20453623,10281,10281,true,1430,3.218
hard30u300.kp,23,20462799,10281,10281,true,1668,4.860
hard30u300.kp,24,20471975,10281,10281,true,1192,2.653
hard30u300.kp,25,20481151,10281,10281,true,716,2.053
hard30u300.kp,26,20490327,10281,10281,true,1906,5.625
hard30u300.kp,27,20499503,10281,10281,true,954,2.250
hard30u300.kp,28,20508679,10281,10281,true,1430,3.115
hard30u300.kp,29,20517855,10281,10281,true,1668,4.573
hard30u300.kp,30,20527031,10281,10281,true,1192,2.765
hard40s1.kp,1,21260930,1784,1788,false,11450,24.649
hard40s1.kp,2,21270106,1784,1788,false,11450,23.420
hard40s1.kp,3,21279282,1784,1788,false,11450,26.465
hard40s1.kp,4,21288458,1784,1788,false,11450,23.924
hard40s1.kp,5,21297634,1784,1788,false,11768,23.071
hard40s1.kp,6,21306810,1784,1788,false,11450,21.079
hard40s1.kp,7,21315986,1784,1788,false,12404,23.528
hard40s1.kp,8,21325162,1788,1788,true,1274,3.540
hard40s1.kp,9,21334338,1784,1788,false,11450,24.033
hard40s1.kp,10,21343514,1784,1788,false,11768,29.363
hard40s1.kp,11,21352690,1784,1788,false,11450,26.959
hard40s1.kp,12,21361866,1784,1788,false,11450,24.333
hard40s1.kp,13,21371042,1784,1788,false,11768,17.033
hard40s1.kp,14,21380218,1788,1788,true,1274,3.981
hard40s1.kp,15,21389394,1784,1788,false,11450,16.973
hard40s1.kp,16,21398570,1788,1788,true,2546,4.300
hard40s1.kp,17,21407746,1788,1788,true,2228,3.885
hard40s1.kp,18,21416922,1784,1788,false,11768,15.314
hard40s1.kp,19,21426098,1784,1788,false,11768,15.924
hard40s1.kp,20,21435274,1784,1788,false,11450,12.837
hard40s1.kp,21,21444450,1784,1788,false,11450,12.261
hard40s1.kp,22,21453626,1784,1788,false,11768,14.024
hard40s1.kp,23,21462802,1784,1788,false,11768,14.551
hard40s1.kp,24,21471978,1784,1788,false,11450,13.564
hard40s1.kp,25,21481154,1784,1788,false,11768,13.497
hard40s1.kp,26,21490330,1784,1788,false,11768,14.131
hard40s1.kp,27,21499506,1784,1788,false,11768,16.225
hard40s1.kp,28,21508682,1788,1788,true,2228,4.400
hard40s1.kp,29,21517858,1784,1788,false,11450,14.101
hard40s1.kp,30,21527034,1784,1788,false,12086,14.930
hard40u100.kp,1,22260933,6773,6773,true,956,1.904
hard40u100.kp,2,22270109,6773,6773,true,638,1.060
hard40u100.kp,3,22279285,6773,6773,true,1274,1.837
hard40u100.kp,4,22288461,6773,6773,true,638,1.802
hard40u100.kp,5,22297637,6773,6773,true,2546,3.938
hard40u100.kp,6,22306813,6773,6773,true,956,1.714
hard40u100.kp,7,22315989,6773,6773,true,956,1.706
hard40u100.kp,8,22325165,6773,6773,true,1274,2.140
hard40u100.kp,9,22334341,6773,6773,true,1910,5.115
hard40u100.kp,10,22343517,6773,6773,true,638,1.336
hard40u100.kp,11,22352693,6773,6773,true,1274,2.489
hard40u100.kp,12,22361869,6773,6773,true,1274,2.058
hard40u100.kp,13,22371045,6773,6773,true,956,1.636
hard40u100.kp,14,22380221,6773,6773,true,956,2.802
hard40u100.kp,15,22389397,6773,6773,true,956,2.457
hard40u100.kp,16,22398573,6773,6773,true,1274,4.811
hard40u100.kp,17,22407749,6773,6773,true,1274,3.249
hard40u100.kp,18,22416925,6773,6773,true,638,3.943
hard40u100.kp,19,22426101,6773,6773,true,1274,3.814
hard40u100.kp,20,22435277,6773,6773,true,638,1.485
hard40u100.kp,21,22444453,6773,6773,true,1274,4.680
hard40u100.kp,22,22453629,6773,6773,true,638,1.376
hard40u100.kp,23,22462805,6773,6773,true,956,1.719
hard40u100.kp,24,22471981,6773,6773,true,1274,2.129
hard40u100.kp,25,22481157,6773,6773,true,1274,3.754
hard40u100.kp,26,22490333,6773,6773,true,638,1.938
hard40u100.kp,27,22499509,6773,6773,true,956,2.189
hard40u100.kp,28,22508685,6773,6773,true,1274,2.211
hard40u100.kp,29,22517861,6773,6773,true,956,2.534
hard40u100.kp,30,22527037,6773,6773,true,956,2.509
hard40w150.kp,1,23260936,3569,3580,false,11450,17.271
hard40w150.kp,2,23270112,3580,3580,true,1910,3.475
hard40w150.kp,3,23279288,3580,3580,true,3182,8.482
hard40w150.kp,4,23288464,3580,3580,true,956,1.991
hard40w150.kp,5,23297640,3580,3580,true,1592,2.784
hard40w150.kp,6,23306816,3580,3580,true,638,2.026
hard40w150.kp,7,23315992,3580,3580,true,1910,3.792
hard40w150.kp,8,23325168,3580,3580,true,956,1.726
hard40w150.kp,9,23334344,3580,3580,true,10178,20.287
hard40w150.kp,10,23343520,3569,3580,false,11450,24.570
hard40w150.kp,11,23352696,3580,3580,true,638,1.942
hard40w150.kp,12,23361872,3580,3580,true,2228,6.129
hard40w150.kp,13,23371048,3580,3580,true,2864,5.771
hard40w150.kp,14,23380224,3580,3580,true,1910,4.246
hard40w150.kp,15,23389400,3580,3580,true,956,3.290
hard40w150.kp,16,23398576,3580,3580,true,956,1.943
hard40w150.kp,17,23407752,3580,3580,true,956,1.890
hard40w150.kp,18,23416928,3580,3580,true,956,1.959
hard40w150.kp,19,23426104,3580,3580,true,638,2.125
hard40w150.kp,20,23435280,3580,3580,true,1274,2.480
hard40w150.kp,21,23444456,3580,3580,true,956,1.933
hard40w150.kp,22,23453632,3580,3580,true,2546,4.188
hard40w150.kp,23,23462808,3580,3580,true,1274,2.908
hard40w150.kp,24,23471984,3580,3580,true,1592,2.588
hard40w150.kp,25,23481160,3580,3580,true,2228,3.231
hard40w150.kp,26,23490336,3580,3580,true,1592,2.410
hard40w150.kp,27,23499512,3580,3580,true,956,2.125
hard40w150.kp,28,23508688,3580,3580,true,638,1.114
hard40w150.kp,29,23517864,3580,3580,true,1592,2.610
hard40w150.kp,30,23527040,3580,3580,true,1592,2.250
hard50u200.kp,1,24260939,15126,15126,true,3186,9.906
hard50u200.kp,2,24270115,15126,15126,true,2390,7.958
hard50u200.kp,3,24279291,15126,15126,true,1992,6.090
hard50u200.kp,4,24288467,15126,15126,true,3186,8.628
hard50u200.kp,5,24297643,15126,15126,true,1992,4.945
hard50u200.kp,6,24306819,15126,15126,true,3186,8.964
hard50u200.kp,7,24315995,15126,15126,true,4380,8.965
hard50u200.kp,8,24325171,15126,15126,true,3584,8.942
hard50u200.kp,9,24334347,15126,15126,true,2390,4.824
hard50u200.kp,10,24343523,15126,15126,true,2788,7.795
hard50u200.kp,11,24352699,15126,15126,true,2788,6.531
hard50u200.kp,12,24361875,15126,15126,true,3584,10.098
hard50u200.kp,13,24371051,15126,15126,true,2390,5.545
hard50u200.kp,14,24380227,15126,15126,true,3982,10.822
hard50u200.kp,15,24389403,15126,15126,true,2788,8.374
hard50u200.kp,16,24398579,15126,15126,true,2788,6.979
hard50u200.kp,17,24407755,15126,15126,true,3186,9.367
hard50u200.kp,18,24416931,15126,15126,true,2390,5.956
hard50u200.kp,19,24426107,15126,15126,true,2788,8.671
hard50u200.kp,20,24435283,15126,15126,true,3186,7.472
hard50u200.kp,21,24444459,15126,15126,true,2390,7.112
hard50u200.kp,22,24453635,15126,15126,true,3186,7.056
hard50u200.kp,23,24462811,15126,15126,true,2788,7.360
hard50u200.kp,24,24471987,15126,15126,true,1594,3.353
hard50u200.kp,25,24481163,15126,15126,true,2390,5.436
hard50u200.kp,26,24490339,15126,15126,true,3584,8.050
hard50u200.kp,27,24499515,15126,15126,true,2788,6.032
hard50u200.kp,28,24508691,15126,15126,true,3186,8.409
hard50u200.kp,29,24517867,15126,15126,true,3982,10.102
hard50u200.kp,30,24527043,15126,15126,true,2788,5.845
p01.kp,1,25260942,309,309,true,158,0.087
p01.kp,2,25270118,309,309,true,158,0.123
p01.kp,3,25279294,309,309,true,158,0.133
p01.kp,4,25288470,309,309,true,158,0.091
p01.kp,5,25297646,309,309,true,158,0.093
p01.kp,6,25306822,309,309,true,158,0.180
p01.kp,7,25315998,309,309,true,2810,1.178
p01.kp,8,25325174,309,309,true,158,0.086
p01.kp,9,25334350,309,309,true,158,0.083
p01.kp,10,25343526,309,309,true,158,0.085
p01.kp,11,25352702,309,309,true,158,0.088
p01.kp,12,25361878,309,309,true,158,0.089
p01.kp,13,25371054,309,309,true,158,0.100
p01.kp,14,25380230,309,309,true,158,0.089
p01.kp,15,25389406,309,309,true,158,0.253
p01.kp,16,25398582,309,309,true,158,0.118
p01.kp,17,25407758,309,309,true,158,0.144
p01.kp,18,25416934,309,309,true,158,0.086
p01.kp,19,25426110,309,309,true,158,0.077
p01.kp,20,25435286,309,309,true,158,0.058
p01.kp,21,25444462,309,309,true,158,0.056
p01.kp,22,25453638,309,309,true,236,0.096
p01.kp,23,25462814,309,309,true,158,0.066
p01.kp,24,25471990,309,309,true,314,0.128
p01.kp,25,25481166,309,309,true,236,0.101
p01.kp,26,25490342,309,309,true,158,0.069
p01.kp,27,25499518,309,309,true,158,0.072
p01.kp,28,25508694,309,309,true,158,0.061
p01.kp,29,25517870,309,309,true,158,0.086
p01.kp,30,25527046,309,309,true,158,0.123
p02.kp,1,26260945,51,51,true,118,0.098
p02.kp,2,26270121,51,51,true,118,0.059
p02.kp,3,26279297,51,51,true,118,0.051
p02.kp,4,26288473,51,51,true,118,0.043
p02.kp,5,26297649,51,51,true,118,0.049
p02.kp,6,26306825,51,51,true,118,0.039
p02.kp,7,26316001,51,51,true,118,0.060
p02.kp,8,26325177,51,51,true,118,0.059
p02.kp,9,26334353,51,51,true,118,0.067
p02.kp,10,26343529,51,51,true,118,0.055
p02.kp,11,26352705,51,51,true,118,0.045
p02.kp,12,26361881,51,51,true,118,0.046
p02.kp,13,26371057,51,51,true,118,0.053
p02.kp,14,26380233,51,51,true,118,0.071
p02.kp,15,26389409,51,51,true,118,0.100
p02.kp,16,26398585,51,51,true,118,0.062
p02.kp,17,26407761,51,51,true,118,0.068
p02.kp,18,26416937,51,51,true,118,0.066
p02.kp,19,26426113,51,51,true,118,0.069
p02.kp,20,26435289,51,51,true,118,0.061
p02.kp,21,26444465,51,51,true,118,0.048
p02.kp,22,26453641,51,51,true,118,0.055
p02.kp,23,26462817,51,51,true,118,0.050
p02.kp,24,26471993,51,51,true,118,0.080
p02.kp,25,26481169,51,51,true,118,0.049
p02.kp,26,26490345,51,51,true,118,0.064
p02.kp,27,26499521,51,51,true,118,0.051
p02.kp,28,26508697,51,51,true,118,0.062
p02.kp,29,26517873,51,51,true,118,0.075
p02.kp,30,26527049,51,51,true,118,0.152
p03.kp,1,27260948,150,150,true,118,0.069
p03.kp,2,27270124,150,150,true,118,0.039
p03.kp,3,27279300,150,150,true,118,0.043
p03.kp,4,27288476,150,150,true,118,0.049
p03.kp,5,27297652,150,150,true,118,0.038
p03.kp,6,27306828,150,150,true,118,0.052
p03.kp,7,27316004,150,150,true,118,0.065
p03.kp,8,27325180,150,150,true,118,0.054
p03.kp,9,27334356,150,150,true,118,0.041
p03.kp,10,27343532,150,150,true,118,0.093
p03.kp,11,27352708,150,150,true,118,0.079
p03.kp,12,27361884,150,150,true,118,0.076
p03.kp,13,27371060,150,150,true,118,0.062
p03.kp,14,27380236,150,150,true,118,0.047
p03.kp,15,27389412,150,150,true,118,0.034
p03.kp,16,27398588,150,150,true,118,0.041
p03.kp,17,27407764,150,150,true,118,0.037
p03.kp,18,27416940,150,150,true,118,0.046
p03.kp,19,27426116,150,150,true,118,0.038
p03.kp,20,27435292,150,150,true,118,0.043
p03.kp,21,27444468,150,150,true,118,0.063
p03.kp,22,27453644,150,150,true,118,0.056
p03.kp,23,27462820,150,150,true,118,0.062
p03.kp,24,27471996,150,150,true,118,0.047
p03.kp,25,27481172,150,150,true,118,0.036
p03.kp,26,27490348,150,150,true,118,0.066
p03.kp,27,27499524,150,150,true,408,0.180
p03.kp,28,27508700,150,150,true,118,0.083
p03.kp,29,27517876,150,150,true,118,0.072
p03.kp,30,27527052,150,150,true,118,0.046
p04.kp,1,28260951,107,107,true,118,0.048
p04.kp,2,28270127,107,107,true,118,0.053
p04.kp,3,28279303,107,107,true,118,0.043
p04.kp,4,28288479,107,107,true,118,0.060
p04.kp,5,28297655,107,107,true,118,0.050
p04.kp,6,28306831,107,107,true,118,0.042
p04.kp,7,28316007,107,107,true,118,0.052
p04.kp,8,28325183,107,107,true,118,0.054
p04.kp,9,28334359,107,107,true,118,0.055
p04.kp,10,28343535,107,107,true,118,0.041
p04.kp,11,28352711,107,107,true,118,0.068
p04.kp,12,28361887,107,107,true,118,0.074
p04.kp,13,28371063,107,107,true,118,0.046
p04.kp,14,28380239,107,107,true,118,0.081
p04.kp,15,28389415,107,107,true,118,0.047
p04.kp,16,28398591,107,107,true,118,0.072
p04.kp,17,28407767,107,107,true,118,0.058
p04.kp,18,28416943,107,107,true,118,0.044
p04.kp,19,28426119,107,107,true,118,0.041
p04.kp,20,28435295,107,107,true,118,0.036
p04.kp,21,28444471,107,107,true,118,0.043
p04.kp,22,28453647,107,107,true,118,0.043
p04.kp,23,28462823,107,107,true,118,0.036
p04.kp,24,28471999,107,107,true,118,0.038
p04.kp,25,28481175,107,107,true,118,0.039
p04.kp,26,28490351,107,107,true,118,0.042
p04.kp,27,28499527,107,107,true,118,0.048
p04.kp,28,28508703,107,107,true,118,0.042
p04.kp,29,28517879,107,107,true,118,0.054
p04.kp,30,28527055,107,107,true,118,0.091
p05.kp,1,29260954,900,900,true,126,0.212
p05.kp,2,29270130,898,900,false,2234,1.153
p05.kp,3,29279306,900,900,true,250,0.318
p05.kp,4,29288482,900,900,true,250,0.130
p05.kp,5,29297658,900,900,true,126,0.092
p05.kp,6,29306834,900,900,true,436,0.211
p05.kp,7,29316010,898,900,false,2296,1.297
p05.kp,8,29325186,900,900,true,126,0.118
p05.kp,9,29334362,900,900,true,126,0.088
p05.kp,10,29343538,900,900,true,126,3.362
p05.kp,11,29352714,898,900,false,2234,1.048
p05.kp,12,29361890,898,900,false,2234,1.052
p05.kp,13,29371066,900,900,true,312,0.165
p05.kp,14,29380242,900,900,true,188,0.136
p05.kp,15,29389418,898,900,false,2234,1.088
p05.kp,16,29398594,898,900,false,2234,4.734
p05.kp,17,29407770,900,900,true,126,0.090
p05.kp,18,29416946,888,900,false,2358,0.926
p05.kp,19,29426122,898,900,false,2234,1.021
p05.kp,20,29435298,900,900,true,126,0.091
p05.kp,21,29444474,900,900,true,126,0.106
p05.kp,22,29453650,900,900,true,312,0.223
p05.kp,23,29462826,900,900,true,126,0.140
p05.kp,24,29472002,900,900,true,126,0.114
p05.kp,25,29481178,900,900,true,188,0.255
p05.kp,26,29490354,898,900,false,2234,0.884
p05.kp,27,29499530,900,900,true,188,0.116
p05.kp,28,29508706,898,900,false,2234,0.918
p05.kp,29,29517882,900,900,true,126,0.271
p05.kp,30,29527058,900,900,true,560,0.471
p06.kp,1,30260957,1735,1735,true,118,0.109
p06.kp,2,30270133,1735,1735,true,118,0.112
p06.kp,3,30279309,1735,1735,true,118,0.085
p06.kp,4,30288485,1735,1735,true,118,0.090
p06.kp,5,30297661,1735,1735,true,118,0.060
p06.kp,6,30306837,1735,1735,true,118,0.058
p06.kp,7,30316013,1735,1735,true,118,0.070
p06.kp,8,30325189,1735,1735,true,118,0.099
p06.kp,9,30334365,1735,1735,true,118,0.069
p06.kp,10,30343541,1735,1735,true,118,0.058
p06.kp,11,30352717,1735,1735,true,118,0.063
p06.kp,12,30361893,1735,1735,true,118,0.075
p06.kp,13,30371069,1735,1735,true,118,0.070
p06.kp,14,30380245,1735,1735,true,118,0.092
p06.kp,15,30389421,1735,1735,true,118,0.098
p06.kp,16,30398597,1735,1735,true,118,0.069
p06.kp,17,30407773,1735,1735,true,118,0.065
p06.kp,18,30416949,1735,1735,true,118,0.085
p06.kp,19,30426125,1735,1735,true,118,0.082
p06.kp,20,30435301,1735,1735,true,118,0.060
p06.kp,21,30444477,1735,1735,true,118,0.066
p06.kp,22,30453653,1735,1735,true,118,0.069
p06.kp,23,30462829,1735,1735,true,118,0.099
p06.kp,24,30472005,1735,1735,true,118,0.084
p06.kp,25,30481181,1735,1735,true,118,0.062
p06.kp,26,30490357,1735,1735,true,118,0.059
p06.kp,27,30499533,1735,1735,true,118,0.061
p06.kp,28,30508709,1735,1735,true,118,0.046
p06.kp,29,30517885,1735,1735,true,118,0.062
p06.kp,30,30527061,1735,1735,true,118,0.062
p07.kp,1,31260960,1458,1458,true,1536,1.640
p07.kp,2,31270136,1458,1458,true,710,0.593
p07.kp,3,31279312,1458,1458,true,474,0.438
p07.kp,4,31288488,1458,1458,true,356,0.334
p07.kp,5,31297664,1454,1458,false,4368,3.571
p07.kp,6,31306840,1454,1458,false,5312,4.113
p07.kp,7,31316016,1454,1458,false,4604,4.055
p07.kp,8,31325192,1458,1458,true,474,0.436
p07.kp,9,31334368,1458,1458,true,238,0.216
p07.kp,10,31343544,1453,1458,false,4722,2.647
p07.kp,11,31352720,1458,1458,true,828,0.649
p07.kp,12,31361896,1451,1458,false,8498,6.233
p07.kp,13,31371072,1458,1458,true,1182,0.828
p07.kp,14,31380248,1453,1458,false,4604,2.484
p07.kp,15,31389424,1458,1458,true,356,0.275
p07.kp,16,31398600,1458,1458,true,828,0.588
p07.kp,17,31407776,1458,1458,true,3896,3.368
p07.kp,18,31416952,1453,1458,false,8144,4.880
p07.kp,19,31426128,1458,1458,true,946,0.631
p07.kp,20,31435304,1458,1458,true,946,0.838
p07.kp,21,31444480,1458,1458,true,828,0.635
p07.kp,22,31453656,1458,1458,true,946,0.681
p07.kp,23,31462832,1455,1458,false,5076,4.468
p07.kp,24,31472008,1458,1458,true,238,0.182
p07.kp,25,31481184,1453,1458,false,5194,2.758
p07.kp,26,31490360,1458,1458,true,238,0.197
p07.kp,27,31499536,1458,1458,true,592,0.533
p07.kp,28,31508712,1458,1458,true,828,0.587
p07.kp,29,31517888,1458,1458,true,356,0.265
p07.kp,30,31527064,1453,1458,false,4486,5.798
p08.kp,1,32260963,13518963,13549094,false,6842,5.418
p08.kp,2,32270139,13549094,13549094,true,1332,2.353
p08.kp,3,32279315,13549094,13549094,true,1522,2.523
p08.kp,4,32288491,13518963,13549094,false,11972,11.886
p08.kp,5,32297667,13549094,13549094,true,4942,5.111
p08.kp,6,32306843,13549094,13549094,true,2472,2.571
p08.kp,7,32316019,13515028,13549094,false,7792,6.241
p08.kp,8,32325195,13549094,13549094,true,1332,1.657
p08.kp,9,32334371,13549094,13549094,true,2092,1.980
p08.kp,10,32343547,13549094,13549094,true,2852,3.380
p08.kp,11,32352723,13549094,13549094,true,2282,3.032
p08.kp,12,32361899,13549094,13549094,true,382,0.685
p08.kp,13,32371075,13549094,13549094,true,3802,5.963
p08.kp,14,32380251,13549094,13549094,true,2282,3.174
p08.kp,15,32389427,13549094,13549094,true,1522,1.862
p08.kp,16,32398603,13549094,13549094,true,1712,2.876
p08.kp,17,32407779,13518963,13549094,false,9882,9.838
p08.kp,18,32416955,13549094,13549094,true,3232,4.692
p08.kp,19,32426131,13549094,13549094,true,1332,1.539
p08.kp,20,32435307,13549094,13549094,true,2092,2.001
p08.kp,21,32444483,13549094,13549094,true,1522,1.431
p08.kp,22,32453659,13505878,13549094,false,9502,8.415
p08.kp,23,32462835,13549094,13549094,true,1712,1.551
p08.kp,24,32472011,13549094,13549094,true,1902,1.833
p08.kp,25,32481187,13518963,13549094,false,7222,5.998
p08.kp,26,32490363,13549094,13549094,true,2662,3.125
p08.kp,27,32499539,13549094,13549094,true,3802,3.672
p08.kp,28,32508715,13549094,13549094,true,1712,1.825
p08.kp,29,32517891,13518963,13549094,false,9882,9.795
p08.kp,30,32527067,13524340,13549094,false,8362,7.318
