problem,algorithm,nfc,mean_best_profit
hard30u300.kp,DP,0,0.000
hard30u300.kp,DP,5028,15.000
hard30u300.kp,DP,10056,887.000
hard30u300.kp,DP,15084,1176.000
hard30u300.kp,DP,20112,2133.000
hard30u300.kp,DP,25140,2448.000
hard30u300.kp,DP,30168,2562.000
hard30u300.kp,DP,35196,2637.000
hard30u300.kp,DP,40224,3467.000
hard30u300.kp,DP,45252,4347.000
hard30u300.kp,DP,50280,4668.000
hard30u300.kp,DP,55308,5564.000
hard30u300.kp,DP,60336,5782.000
hard30u300.kp,DP,65364,6730.000
hard30u300.kp,DP,70392,7404.000
hard30u300.kp,DP,75420,7404.000
hard30u300.kp,DP,80448,7758.000
hard30u300.kp,DP,85476,7758.000
hard30u300.kp,DP,90504,7865.000
hard30u300.kp,DP,95532,8162.000
hard30u300.kp,DP,100560,8257.000
hard30u300.kp,DP,105588,8257.000
hard30u300.kp,DP,110616,8821.000
hard30u300.kp,DP,115644,9007.000
hard30u300.kp,DP,120672,9107.000
hard30u300.kp,DP,125700,9107.000
hard30u300.kp,DP,130728,9835.000
hard30u300.kp,DP,135756,9883.000
hard30u300.kp,DP,140784,10281.000
hard30u300.kp,DP,145812,10281.000
hard30u300.kp,DP,150840,10281.000
hard30u300.kp,GA,240,9702.267
hard30u300.kp,GA,478,9855.233
hard30u300.kp,GA,716,10062.400
hard30u300.kp,GA,954,10156.600
hard30u300.kp,GA,1192,10224.867
hard30u300.kp,GA,1430,10249.000
hard30u300.kp,GA,1668,10266.867
hard30u300.kp,GA,1906,10273.933
hard30u300.kp,GA,2144,10277.467
hard30u300.kp,GA,2382,10281.000
hard40s1.kp,DP,0,0.000
hard40s1.kp,DP,995,585.000
hard40s1.kp,DP,1990,779.000
hard40s1.kp,DP,2985,1205.000
hard40s1.kp,DP,3980,1226.000
hard40s1.kp,DP,4975,1226.000
hard40s1.kp,DP,5970,1290.000
hard40s1.kp,DP,6965,1290.000
hard40s1.kp,DP,7960,1290.000
hard40s1.kp,DP,8955,1390.000
hard40s1.kp,DP,9950,1390.000
hard40s1.kp,DP,10945,1390.000
hard40s1.kp,DP,11940,1390.000
hard40s1.kp,DP,12935,1448.000
hard40s1.kp,DP,13930,1448.000
hard40s1.kp,DP,14925,1448.000
hard40s1.kp,DP,15920,1448.000
hard40s1.kp,DP,16915,1448.000
hard40s1.kp,DP,17910,1448.000
hard40s1.kp,DP,18905,1463.000
hard40s1.kp,DP,19900,1463.000
hard40s1.kp,DP,20895,1572.000
hard40s1.kp,DP,21890,1572.000
hard40s1.kp,DP,22885,1572.000
hard40s1.kp,DP,23880,1594.000
hard40s1.kp,DP,24875,1594.000
hard40s1.kp,DP,25870,1594.000
hard40s1.kp,DP,26865,1677.000
hard40s1.kp,DP,27860,1677.000
hard40s1.kp,DP,28855,1677.000
hard40s1.kp,DP,29850,1784.000
hard40s1.kp,DP,30845,1784.000
hard40s1.kp,DP,31840,1784.000
hard40s1.kp,DP,32835,1784.000
hard40s1.kp,DP,33830,1784.000
hard40s1.kp,DP,34825,1784.000
hard40s1.kp,DP,35820,1784.000
hard40s1.kp,DP,36815,1788.000
hard40s1.kp,DP,37810,1788.000
hard40s1.kp,DP,38805,1788.000
hard40s1.kp,DP,39800,1788.000
hard40s1.kp,GA,320,1752.333
hard40s1.kp,GA,638,1778.633
hard40s1.kp,GA,956,1781.133
hard40s1.kp,GA,1274,1784.267
hard40s1.kp,GA,1592,1784.267
hard40s1.kp,GA,1910,1784.267
hard40s1.kp,GA,2228,1784.533
hard40s1.kp,GA,2546,1784.667
hard40s1.kp,GA,2864,1784.667
hard40s1.kp,GA,3182,1784.667
hard40s1.kp,GA,3500,1784.667
hard40s1.kp,GA,3818,1784.667
hard40s1.kp,GA,4136,1784.667
hard40s1.kp,GA,4454,1784.667
hard40s1.kp,GA,4772,1784.667
hard40s1.kp,GA,5090,1784.667
hard40s1.kp,GA,5408,1784.667
hard40s1.kp,GA,5726,1784.667
hard40s1.kp,GA,6044,1784.667
hard40s1.kp,GA,6362,1784.667
hard40s1.kp,GA,6680,1784.667
hard40s1.kp,GA,6998,1784.667
hard40s1.kp,GA,7316,1784.667
hard40s1.kp,GA,7634,1784.667
hard40s1.kp,GA,7952,1784.667
hard40s1.kp,GA,8270,1784.667
hard40s1.kp,GA,8588,1784.667
hard40s1.kp,GA,8906,1784.667
hard40s1.kp,GA,9224,1784.667
hard40s1.kp,GA,9542,1784.667
hard40s1.kp,GA,9860,1784.667
hard40s1.kp,GA,10178,1784.667
hard40s1.kp,GA,10496,1784.667
hard40s1.kp,GA,10814,1784.667
hard40s1.kp,GA,11132,1784.667
hard40s1.kp,GA,11450,1784.667
hard40s1.kp,GA,11768,1784.667
hard40s1.kp,GA,12086,1784.667
hard40s1.kp,GA,12404,1784.667
hard40u100.kp,DP,0,0.000
hard40u100.kp,DP,1987,283.000
hard40u100.kp,DP,3974,919.000
hard40u100.kp,DP,5961,1172.000
hard40u100.kp,DP,7948,1181.000
hard40u100.kp,DP,9935,1196.000
hard40u100.kp,DP,11922,1898.000
hard40u100.kp,DP,13909,2518.000
hard40u100.kp,DP,15896,2518.000
hard40u100.kp,DP,17883,2518.000
hard40u100.kp,DP,19870,2518.000
hard40u100.kp,DP,21857,2863.000
hard40u100.kp,DP,23844,2863.000
hard40u100.kp,DP,25831,2863.000
hard40u100.kp,DP,27818,2863.000
hard40u100.kp,DP,29805,3362.000
hard40u100.kp,DP,31792,3362.000
hard40u100.kp,DP,33779,4245.000
hard40u100.kp,DP,35766,4245.000
hard40u100.kp,DP,37753,4245.000
hard40u100.kp,DP,39740,4245.000
hard40u100.kp,DP,41727,4438.000
hard40u100.kp,DP,43714,4438.000
hard40u100.kp,DP,45701,4561.000
hard40u100.kp,DP,47688,5039.000
hard40u100.kp,DP,49675,5039.000
hard40u100.kp,DP,51662,5039.000
hard40u100.kp,DP,53649,5451.000
hard40u100.kp,DP,55636,5643.000
hard40u100.kp,DP,57623,6160.000
hard40u100.kp,DP,59610,6160.000
hard40u100.kp,DP,61597,6160.000
hard40u100.kp,DP,63584,6370.000
hard40u100.kp,DP,65571,6370.000
hard40u100.kp,DP,67558,6370.000
hard40u100.kp,DP,69545,6370.000
hard40u100.kp,DP,71532,6773.000
hard40u100.kp,DP,73519,6773.000
hard40u100.kp,DP,75506,6773.000
hard40u100.kp,DP,77493,6773.000
hard40u100.kp,DP,79480,6773.000
hard40u100.kp,GA,320,6689.833
hard40u100.kp,GA,638,6747.533
hard40u100.kp,GA,956,6770.300
hard40u100.kp,GA,1274,6772.533
hard40u100.kp,GA,1592,6772.667
hard40u100.kp,GA,1910,6772.967
hard40u100.kp,GA,2228,6772.967
hard40u100.kp,GA,2546,6773.000
hard40w150.kp,DP,0,0.000
hard40w150.kp,DP,2824,1048.000
hard40w150.kp,DP,5648,1866.000
hard40w150.kp,DP,8472,1987.000
hard40w150.kp,DP,11296,2303.000
hard40w150.kp,DP,14120,2586.000
hard40w150.kp,DP,16944,2775.000
hard40w150.kp,DP,19768,2965.000
hard40w150.kp,DP,22592,2965.000
hard40w150.kp,DP,25416,3088.000
hard40w150.kp,DP,28240,3088.000
hard40w150.kp,DP,31064,3088.000
hard40w150.kp,DP,33888,3088.000
hard40w150.kp,DP,36712,3149.000
hard40w150.kp,DP,39536,3149.000
hard40w150.kp,DP,42360,3208.000
hard40w150.kp,DP,45184,3208.000
hard40w150.kp,DP,48008,3267.000
hard40w150.kp,DP,50832,3267.000
hard40w150.kp,DP,53656,3267.000
hard40w150.kp,DP,56480,3320.000
hard40w150.kp,DP,59304,3320.000
hard40w150.kp,DP,62128,3327.000
hard40w150.kp,DP,64952,3327.000
hard40w150.kp,DP,67776,3327.000
hard40w150.kp,DP,70600,3327.000
hard40w150.kp,DP,73424,3408.000
hard40w150.kp,DP,76248,3408.000
hard40w150.kp,DP,79072,3408.000
hard40w150.kp,DP,81896,3411.000
hard40w150.kp,DP,84720,3411.000
hard40w150.kp,DP,87544,3411.000
hard40w150.kp,DP,90368,3411.000
hard40w150.kp,DP,93192,3521.000
hard40w150.kp,DP,96016,3521.000
hard40w150.kp,DP,98840,3521.000
hard40w150.kp,DP,101664,3521.000
hard40w150.kp,DP,104488,3580.000
hard40w150.kp,DP,107312,3580.000
hard40w150.kp,DP,110136,3580.000
hard40w150.kp,DP,112960,3580.000
hard40w150.kp,GA,320,3502.733
hard40w150.kp,GA,638,3538.900
hard40w150.kp,GA,956,3567.733
hard40w150.kp,GA,1274,3572.867
hard40w150.kp,GA,1592,3575.967
hard40w150.kp,GA,1910,3577.067
hard40w150.kp,GA,2228,3577.800
hard40w150.kp,GA,2546,3578.167
hard40w150.kp,GA,2864,3578.533
hard40w150.kp,GA,3182,3578.900
hard40w150.kp,GA,3500,3578.900
hard40w150.kp,GA,3818,3578.900
hard40w150.kp,GA,4136,3578.900
hard40w150.kp,GA,4454,3578.900
hard40w150.kp,GA,4772,3578.900
hard40w150.kp,GA,5090,3578.900
hard40w150.kp,GA,5408,3578.900
hard40w150.kp,GA,5726,3578.900
hard40w150.kp,GA,6044,3578.900
hard40w150.kp,GA,6362,3578.900
hard40w150.kp,GA,6680,3578.900
hard40w150.kp,GA,6998,3578.900
hard40w150.kp,GA,7316,3578.900
hard40w150.kp,GA,7634,3578.900
hard40w150.kp,GA,7952,3578.900
hard40w150.kp,GA,8270,3578.900
hard40w150.kp,GA,8588,3578.900
hard40w150.kp,GA,8906,3578.900
hard40w150.kp,GA,9224,3578.900
hard40w150.kp,GA,9542,3578.900
hard40w150.kp,GA,9860,3578.900
hard40w150.kp,GA,10178,3579.267
hard40w150.kp,GA,10496,3579.267
hard40w150.kp,GA,10814,3579.267
hard40w150.kp,GA,11132,3579.267
hard40w150.kp,GA,11450,3579.267
hard50u200.kp,DP,0,0.000
hard50u200.kp,DP,4717,973.000
hard50u200.kp,DP,9434,1051.000
hard50u200.kp,DP,14151,1146.000
hard50u200.kp,DP,18868,1629.000
hard50u200.kp,DP,23585,2118.000
hard50u200.kp,DP,28302,3038.000
hard50u200.kp,DP,33019,3703.000
hard50u200.kp,DP,37736,4074.000
hard50u200.kp,DP,42453,4403.000
hard50u200.kp,DP,47170,4403.000
hard50u200.kp,DP,51887,5329.000
hard50u200.kp,DP,56604,6186.000
hard50u200.kp,DP,61321,6996.000
hard50u200.kp,DP,66038,7202.000
hard50u200.kp,DP,70755,7718.000
hard50u200.kp,DP,75472,7792.000
hard50u200.kp,DP,80189,8039.000
hard50u200.kp,DP,84906,8741.000
hard50u200.kp,DP,89623,9170.000
hard50u200.kp,DP,94340,9170.000
hard50u200.kp,DP,99057,9612.000
hard50u200.kp,DP,103774,9761.000
hard50u200.kp,DP,108491,9761.000
hard50u200.kp,DP,113208,10255.000
hard50u200.kp,DP,117925,10589.000
hard50u200.kp,DP,122642,10930.000
hard50u200.kp,DP,127359,10930.000
hard50u200.kp,DP,132076,10930.000
hard50u200.kp,DP,136793,11034.000
hard50u200.kp,DP,141510,11714.000
hard50u200.kp,DP,146227,11714.000
hard50u200.kp,DP,150944,12034.000
hard50u200.kp,DP,155661,12347.000
hard50u200.kp,DP,160378,12347.000
hard50u200.kp,DP,165095,12660.000
hard50u200.kp,DP,169812,12826.000
hard50u200.kp,DP,174529,13298.000
hard50u200.kp,DP,179246,13298.000
hard50u200.kp,DP,183963,13298.000
hard50u200.kp,DP,188680,13298.000
hard50u200.kp,DP,193397,13802.000
hard50u200.kp,DP,198114,14023.000
hard50u200.kp,DP,202831,14023.000
hard50u200.kp,DP,207548,14023.000
hard50u200.kp,DP,212265,14659.000
hard50u200.kp,DP,216982,14659.000
hard50u200.kp,DP,221699,15037.000
hard50u200.kp,DP,226416,15037.000
hard50u200.kp,DP,231133,15037.000
hard50u200.kp,DP,235850,15126.000
hard50u200.kp,GA,400,13310.567
hard50u200.kp,GA,798,13701.267
hard50u200.kp,GA,1196,14144.333
hard50u200.kp,GA,1594,14443.433
hard50u200.kp,GA,1992,14717.533
hard50u200.kp,GA,2390,14899.467
hard50u200.kp,GA,2788,15030.967
hard50u200.kp,GA,3186,15103.833
hard50u200.kp,GA,3584,15116.567
hard50u200.kp,GA,3982,15123.033
hard50u200.kp,GA,4380,15126.000
p01.kp,DP,0,0.000
p01.kp,DP,166,92.000
p01.kp,DP,332,149.000
p01.kp,DP,498,198.000
p01.kp,DP,664,266.000
p01.kp,DP,830,277.000
p01.kp,DP,996,309.000
p01.kp,DP,1162,309.000
p01.kp,DP,1328,309.000
p01.kp,DP,1494,309.000
p01.kp,DP,1660,309.000
p01.kp,GA,80,302.233
p01.kp,GA,158,305.433
p01.kp,GA,236,307.100
p01.kp,GA,314,307.933
p01.kp,GA,392,308.167
p01.kp,GA,470,308.167
p01.kp,GA,548,308.167
p01.kp,GA,626,308.167
p01.kp,GA,704,308.167
p01.kp,GA,782,308.167
p01.kp,GA,860,308.167
p01.kp,GA,938,308.167
p01.kp,GA,1016,308.167
p01.kp,GA,1094,308.167
p01.kp,GA,1172,308.167
p01.kp,GA,1250,308.167
p01.kp,GA,1328,308.167
p01.kp,GA,1406,308.167
p01.kp,GA,1484,308.167
p01.kp,GA,1562,308.167
p01.kp,GA,1640,308.167
p01.kp,GA,1718,308.167
p01.kp,GA,1796,308.167
p01.kp,GA,1874,308.167
p01.kp,GA,1952,308.167
p01.kp,GA,2030,308.167
p01.kp,GA,2108,308.167
p01.kp,GA,2186,308.167
p01.kp,GA,2264,308.167
p01.kp,GA,2342,308.167
p01.kp,GA,2420,308.167
p01.kp,GA,2498,308.167
p01.kp,GA,2576,308.167
p01.kp,GA,2654,308.167
p01.kp,GA,2732,308.167
p01.kp,GA,2810,309.000
p02.kp,DP,0,0.000
p02.kp,DP,27,24.000
p02.kp,DP,54,37.000
p02.kp,DP,81,47.000
p02.kp,DP,108,51.000
p02.kp,DP,135,51.000
p02.kp,GA,60,50.867
p02.kp,GA,118,51.000
p03.kp,DP,0,0.000
p03.kp,DP,191,50.000
p03.kp,DP,382,100.000
p03.kp,DP,573,114.000
p03.kp,DP,764,146.000
p03.kp,DP,955,150.000
p03.kp,DP,1146,150.000
p03.kp,GA,60,149.200
p03.kp,GA,118,149.867
p03.kp,GA,176,149.867
p03.kp,GA,234,149.867
p03.kp,GA,292,149.867
p03.kp,GA,350,149.867
p03.kp,GA,408,150.000
p04.kp,DP,0,0.000
p04.kp,DP,51,70.000
p04.kp,DP,102,90.000
p04.kp,DP,153,90.000
p04.kp,DP,204,107.000
p04.kp,DP,255,107.000
p04.kp,DP,306,107.000
p04.kp,DP,357,107.000
p04.kp,GA,60,107.000
p04.kp,GA,118,107.000
p05.kp,DP,0,0.000
p05.kp,DP,105,350.000
p05.kp,DP,210,750.000
p05.kp,DP,315,850.000
p05.kp,DP,420,870.000
p05.kp,DP,525,890.000
p05.kp,DP,630,898.000
p05.kp,DP,735,898.000
p05.kp,DP,840,900.000
p05.kp,GA,64,896.133
p05.kp,GA,126,897.333
p05.kp,GA,188,898.333
p05.kp,GA,250,898.467
p05.kp,GA,312,898.867
p05.kp,GA,374,898.867
p05.kp,GA,436,898.933
p05.kp,GA,498,898.933
p05.kp,GA,560,899.000
p05.kp,GA,622,899.000
p05.kp,GA,684,899.000
p05.kp,GA,746,899.000
p05.kp,GA,808,899.000
p05.kp,GA,870,899.000
p05.kp,GA,932,899.000
p05.kp,GA,994,899.000
p05.kp,GA,1056,899.000
p05.kp,GA,1118,899.000
p05.kp,GA,1180,899.000
p05.kp,GA,1242,899.000
p05.kp,GA,1304,899.000
p05.kp,GA,1366,899.000
p05.kp,GA,1428,899.000
p05.kp,GA,1490,899.000
p05.kp,GA,1552,899.000
p05.kp,GA,1614,899.000
p05.kp,GA,1676,899.000
p05.kp,GA,1738,899.000
p05.kp,GA,1800,899.000
p05.kp,GA,1862,899.000
p05.kp,GA,1924,899.000
p05.kp,GA,1986,899.000
p05.kp,GA,2048,899.000
p05.kp,GA,2110,899.000
p05.kp,GA,2172,899.000
p05.kp,GA,2234,899.000
p05.kp,GA,2296,899.000
p05.kp,GA,2358,899.000
p06.kp,DP,0,0.000
p06.kp,DP,171,442.000
p06.kp,DP,342,967.000
p06.kp,DP,513,1478.000
p06.kp,DP,684,1629.000
p06.kp,DP,855,1664.000
p06.kp,DP,1026,1682.000
p06.kp,DP,1197,1735.000
p06.kp,GA,60,1734.067
p06.kp,GA,118,1735.000
p07.kp,DP,0,0.000
p07.kp,DP,751,135.000
p07.kp,DP,1502,274.000
p07.kp,DP,2253,423.000
p07.kp,DP,3004,573.000
p07.kp,DP,3755,729.000
p07.kp,DP,4506,892.000
p07.kp,DP,5257,1065.000
p07.kp,DP,6008,1249.000
p07.kp,DP,6759,1306.000
p07.kp,DP,7510,1368.000
p07.kp,DP,8261,1429.000
p07.kp,DP,9012,1441.000
p07.kp,DP,9763,1444.000
p07.kp,DP,10514,1446.000
p07.kp,DP,11265,1458.000
p07.kp,GA,120,1448.767
p07.kp,GA,238,1450.200
p07.kp,GA,356,1453.267
p07.kp,GA,474,1453.967
p07.kp,GA,592,1454.400
p07.kp,GA,710,1454.667
p07.kp,GA,828,1455.267
p07.kp,GA,946,1455.767
p07.kp,GA,1064,1455.833
p07.kp,GA,1182,1456.000
p07.kp,GA,1300,1456.100
p07.kp,GA,1418,1456.100
p07.kp,GA,1536,1456.167
p07.kp,GA,1654,1456.167
p07.kp,GA,1772,1456.167
p07.kp,GA,1890,1456.167
p07.kp,GA,2008,1456.167
p07.kp,GA,2126,1456.167
p07.kp,GA,2244,1456.167
p07.kp,GA,2362,1456.167
p07.kp,GA,2480,1456.167
p07.kp,GA,2598,1456.167
p07.kp,GA,2716,1456.167
p07.kp,GA,2834,1456.167
p07.kp,GA,2952,1456.167
p07.kp,GA,3070,1456.167
p07.kp,GA,3188,1456.167
p07.kp,GA,3306,1456.167
p07.kp,GA,3424,1456.167
p07.kp,GA,3542,1456.167
p07.kp,GA,3660,1456.200
p07.kp,GA,3778,1456.200
p07.kp,GA,3896,1456.333
p07.kp,GA,4014,1456.400
p07.kp,GA,4132,1456.400
p07.kp,GA,4250,1456.400
p07.kp,GA,4368,1456.433
p07.kp,GA,4486,1456.433
p07.kp,GA,4604,1456.433
p07.kp,GA,4722,1456.433
p07.kp,GA,4840,1456.433
p07.kp,GA,4958,1456.433
p07.kp,GA,5076,1456.433
p07.kp,GA,5194,1456.433
p07.kp,GA,5312,1456.433
p07.kp,GA,5430,1456.433
p07.kp,GA,5548,1456.433
p07.kp,GA,5666,1456.433
p07.kp,GA,5784,1456.433
p07.kp,GA,5902,1456.433
p07.kp,GA,6020,1456.433
p07.kp,GA,6138,1456.433
p07.kp,GA,6256,1456.433
p07.kp,GA,6374,1456.433
p07.kp,GA,6492,1456.433
p07.kp,GA,6610,1456.433
p07.kp,GA,6728,1456.433
p07.kp,GA,6846,1456.433
p07.kp,GA,6964,1456.433
p07.kp,GA,7082,1456.433
p07.kp,GA,7200,1456.433
p07.kp,GA,7318,1456.433
p07.kp,GA,7436,1456.433
p07.kp,GA,7554,1456.433
p07.kp,GA,7672,1456.433
p07.kp,GA,7790,1456.433
p07.kp,GA,7908,1456.433
p07.kp,GA,8026,1456.433
p07.kp,GA,8144,1456.433
p07.kp,GA,8262,1456.433
p07.kp,GA,8380,1456.433
p07.kp,GA,8498,1456.433
p08.kp,DP,0,0.000
p08.kp,DP,6404181,825594.000
p08.kp,DP,12808362,2502603.000
p08.kp,DP,19212543,4179231.000
p08.kp,DP,25616724,5703201.000
p08.kp,DP,32020905,6647173.000
p08.kp,DP,38425086,6744599.000
p08.kp,DP,44829267,6814265.000
p08.kp,DP,51233448,8110722.000
p08.kp,DP,57637629,9790415.000
p08.kp,DP,64041810,11693411.000
p08.kp,DP,70445991,12712809.000
p08.kp,DP,76850172,12911064.000
p08.kp,DP,83254353,13150262.000
p08.kp,DP,89658534,13173641.000
p08.kp,DP,96062715,13196007.000
p08.kp,DP,102466896,13419041.000
p08.kp,DP,108871077,13449995.000
p08.kp,DP,115275258,13449995.000
p08.kp,DP,121679439,13449995.000
p08.kp,DP,128083620,13449995.000
p08.kp,DP,134487801,13449995.000
p08.kp,DP,140891982,13524340.000
p08.kp,DP,147296163,13524340.000
p08.kp,DP,153700344,13549094.000
p08.kp,GA,192,13368348.767
p08.kp,GA,382,13434242.067
p08.kp,GA,572,13467378.667
p08.kp,GA,762,13485167.900
p08.kp,GA,952,13490707.100
p08.kp,GA,1142,13506425.100
p08.kp,GA,1332,13519317.700
p08.kp,GA,1522,13523063.367
p08.kp,GA,1712,13527052.967
p08.kp,GA,1902,13528551.033
p08.kp,GA,2092,13531463.067
p08.kp,GA,2282,13533475.867
p08.kp,GA,2472,13534401.200
p08.kp,GA,2662,13535226.333
p08.kp,GA,2852,13536313.800
p08.kp,GA,3042,13536545.167
p08.kp,GA,3232,13537732.833
p08.kp,GA,3422,13537732.833
p08.kp,GA,3612,13537732.833
p08.kp,GA,3802,13539483.300
p08.kp,GA,3992,13539483.300
p08.kp,GA,4182,13539483.300
p08.kp,GA,4372,13539483.300
p08.kp,GA,4562,13539483.300
p08.kp,GA,4752,13539483.300
p08.kp,GA,4942,13540539.800
p08.kp,GA,5132,13540539.800
p08.kp,GA,5322,13540670.967
p08.kp,GA,5512,13540670.967
p08.kp,GA,5702,13540670.967
p08.kp,GA,5892,13540670.967
p08.kp,GA,6082,13540670.967
p08.kp,GA,6272,13540670.967
p08.kp,GA,6462,13540670.967
p08.kp,GA,6652,13540670.967
p08.kp,GA,6842,13540670.967
p08.kp,GA,7032,13540670.967
p08.kp,GA,7222,13540670.967
p08.kp,GA,7412,13540670.967
p08.kp,GA,7602,13540670.967
p08.kp,GA,7792,13540670.967
p08.kp,GA,7982,13540670.967
p08.kp,GA,8172,13540670.967
p08.kp,GA,8362,13540670.967
p08.kp,GA,8552,13540670.967
p08.kp,GA,8742,13540670.967
p08.kp,GA,8932,13540670.967
p08.kp,GA,9122,13540670.967
p08.kp,GA,9312,13540670.967
p08.kp,GA,9502,13540670.967
p08.kp,GA,9692,13540670.967
p08.kp,GA,9882,13540670.967
p08.kp,GA,10072,13540670.967
p08.kp,GA,10262,13540670.967
p08.kp,GA,10452,13540670.967
p08.kp,GA,10642,13540670.967
p08.kp,GA,10832,13540670.967
p08.kp,GA,11022,13540670.967
p08.kp,GA,11212,13540670.967
p08.kp,GA,11402,13540670.967
p08.kp,GA,11592,13540670.967
p08.kp,GA,11782,13540670.967
p08.kp,GA,11972,13540670.967
